hotelId,groupingKey
14b4be76-8280-4c84-8a90-8b15dea38760,cetus-750fdf39062918d264f8939cf0664d087f9927de44118d0da8202457e3e6ee05
5ed47a9c-97db-48c0-83c3-af75922ff782,b3955527fdf11edd2e2933b87bd94fa9e9c26ee4
ad9fb958-ce5f-4316-80c4-088639a65914,cetus-e1fc7c77ce73e032e9881e70059073f447c128a871f4afb56ba1e69320de8939
bebcf6f6-3b83-4066-aca2-4ce264dd81fd,0ebf45e16cec99e9cedccbce79df6e4554effb48
86e801c4-f697-4f74-9915-e4b8055c4097,cetus-0f09f29b6cbdc7db6a408b9c705e128f0e3a702b9fc436f2b27c7a5aeed0539f
3ac14842-5c29-4d80-a662-33034957749b,cetus-7beaf5e5fe9e0c79f32fbbeef568884b144b99548dc98dc1393f2d153e27b8df
34adf4d6-c747-43e4-ad2a-915c6299a6ba,c51e3145f46ef015352d14dbf59c54b27b958006
5db8ecf6-f5da-4a7d-b0a2-e1fa6267b1b3,44120cb87f5ee9ed87e8f2770738fa20ba7552ab
452a1f14-c33e-470f-a092-b4274f2041d8,cetus-734451b76f43b9ad22c41f14c4a389f75ea64579b24636d9fa3181e2ff3ddaeb
4c70fa6b-2814-4eed-aef6-5b8a6a783351,cetus-9f1440b9a1f9e5dcc3182976fb1d0a4d55479d5c5418decf1a04d1e6db96d18c
a2df5907-ca88-4c95-8a8d-b672da74a59c,cb97938964d474a77f00a3925acb48a7c59d5a8b
fe1dd39d-9726-41f6-9728-7278139ae5db,592cacf5b72322866043b428471f54df1951ca42
2db675f6-59b4-4089-8dc4-5466f58c6594,cetus-31aa7a12db815269ec800b013abc490dfe3fc092575f7548c84f01e70acb329d
e950914f-0aab-4840-921c-82121d45104d,cetus-b38e8ffd3bee606daac538220c00b03c4e97ee219e8f95a2471cc5ce4c2011b3
87cda2b4-d6f4-4f96-9d2e-9e794d79d855,cetus-ee0c380ca39fcb2cbdf5d9b10add5ef7ac0e74d920924a59c0b5959436e3a33c
39cf7f07-6623-47dd-b6a8-b50538cc479f,cetus-24736df17a95161364ea5280047fe37e4c8bc8d8ef9260df1a9ad2b2750081a1
3813e08d-c5e9-43f0-be79-721050e758de,cetus-48b80c4646dd17462f8c07494b2b462b8bc5da0c4e1e6a95dc93553aac4f0fb3
8adecdf6-d87d-45bc-9c40-a5ac77cd9a9c,e3c60d2260a41a83eb3f1d16139daaf89908dfb8
c9f829e0-80b7-4166-a590-33f4e04838b4,cetus-3c9d1a2d9826b6e34950d77ae881c27751339be1d10f2b1ba983b48d579ad75f
56b14774-9a73-4c03-84bd-b27b44c6de2a,2195c73c2df2660c123f224c78325f09ae7d22f6
38f76688-82e3-42b9-88a2-8d2ab06fa52c,3324ff0f21ec0ca9bfef32fda74a7cf2350272ad
574049e9-59d2-4cdd-85ad-5ed1a8ec5ec7,cetus-73c40f89712615c99da3cc61d88551303712b3f6c4c8177e3dda9b39c00aee40
e14bd31b-3a09-475d-bf39-5282f3f9bde7,cetus-4bbe47d897cb83642b3677e94fe3a0fa56a0ad59e44a740130cde75d47a44567
a5758d9c-c00e-4cfd-801d-f85c3a64d370,e3623299ca445975ec2109593cf7fbcad9c4f87b
2e837e02-e507-4708-8fd5-f3da7016478b,c6885a4b1ad1a669457072745adbf4b49d96ead8
4b38d731-a9a8-4442-a690-e0a1fb8f6132,cetus-35b485e2717c37b2173711f29dad18e0b22e91d73c6dd85d55f653d2d6bcd3ba
4e333b18-d348-4dd5-a993-a840d7c98825,e3623299ca445975ec2109593cf7fbcad9c4f87b
66a84977-1fd0-4925-bf61-18f4de455630,cetus-2fb0c8441d4aaf1234d3312d4c16a60ed3ca087f3a985694ab28f83df7dd17da
de93ed32-71ef-4652-9ed6-1a3014654f07,f8060003368b5afcf94c96118c45021926c2a76b
bb59e938-0fdd-432c-910d-8e3d2165ff49,be605983e1868ad74e02d30d299c00d827233260
422d2160-593a-4f5c-a11f-ba5c578f87ef,cetus-a4718e5b3ee533e7c661b1424b4474218bae9c092b3f9af2dd97060322a5ef45
7f63c54f-630b-4273-9b9d-feb4e686162f,cetus-ee871f56a91c6967aa60dc39ec1dad8adf345b4ae2b9ffe597737b42f5014f70
c9f829e0-80b7-4166-a590-33f4e04838b4,cetus-cb122126079599e3eb2733b213b1078cd0f0386063e180c822b17a9bb3a5f03c
4bac222c-483a-4793-9b15-5521d662f162,250a30e45e8b98b9ca468a26510fef229bd3b07b
eb00f229-82b7-48a6-89cf-c8640790c240,c1aa0397b8711d35d1d9e2ef31b7b8b20dcc2637
fe1dd39d-9726-41f6-9728-7278139ae5db,d6de433b5d837c12108b3564eb7bda4aac1328e3
8151e696-5671-413e-89f2-3815f26906fc,be658f8525a54c804fa4c70ca70f191db5b1a4f4
41082de9-6779-4bda-930c-262078d42756,1f316d1dc75cda362586a577972a9fc787eb4f26
49e33570-a4f1-4916-9c50-69de3b12ed74,5a4aac26e018e429ae4fd9bbb33818bdcbf552c6
1fc4d649-5707-4357-b597-c15405dae1dd,dc1b849f3486383c3eaf02c58894d985b87544fc
5da5babc-c9d0-45c7-842a-07d0f509d1ec,c9b0e8a60061fd2336b9110d641fdb20d093b41f
a799ad83-2a4a-4fad-9eb5-3db546db7a07,8b939498ea9274407779874901ecd7f5a13fc817
21f95925-6d20-4642-ba35-4ddd2c447e58,4f887301ef2dae25ee1b8aadb2ee78aeaa62dcd3
16c7c006-37d6-47cd-ba1b-f6e63b35c49f,ad3fbb4164e0d861c08238ff8c61cba16f6d19d5
05249b2e-6cee-4225-a18f-73dea585e566,be605983e1868ad74e02d30d299c00d827233260
422d2160-593a-4f5c-a11f-ba5c578f87ef,cetus-c00ec227bf5469930309acf4782cf6819222ae2503d073b62ecdf0b3d91c93b4
3ac14842-5c29-4d80-a662-33034957749b,cetus-7683ffa4b7d29ef5b8af6c06d580a4309c05ad634e0aa720e204c4b6709aa781
c51c975c-f23a-42cd-a8bb-4e4f9e03e8d0,e3623299ca445975ec2109593cf7fbcad9c4f87b
4c227f6b-3ae9-4998-adee-ee0b64187113,cetus-a3c7e90305cc6be5fd0677c30c10ccac60a5113ef9df05ca34e139bee7500207
5b3e3edc-1c66-4bf3-bcec-996af64b54a3,33136f333b2188ec00e7f455811abf8f659d4052
cd7c14c5-b9c0-4e9f-9761-de18eb9dd79c,d6ee0af22a3e31733dc081296f81a0f86c534de8
cd7c14c5-b9c0-4e9f-9761-de18eb9dd79c,f14bd2560a3a51a6067b2282909a30193ff17270
105842fa-d0a5-4da1-a43a-c2a30a7a495b,e296f1b6c74eb9ad1a642c62bcbb8d19ace42b20
8a88829f-8f55-4cd8-ae10-d25385b2fd01,cetus-641d95f365b32932896a13202be4fcb55bcb0afe1a13d2a2a6e3f5a52af4f9cb
3cd417a1-e97e-41f3-ae8a-00f79efab4c0,a3cd621777fbab232336c561c93afc2e5de756be
b5642793-2009-4650-8c81-28dc3828ef68,cetus-b85a5549a2b209a520fd3ca8e71aeeb2897d4b24b3bc02562df490cb56f00841
3b363787-a03b-43ea-a6e1-cc53c4c604a6,702a438dbaf1f16dab2d269bc8dac9ca5704f650
8292444b-54d9-407f-808e-7db12525e3d0,f0625604d3b56abb5f9b1abce593d3c460161293
d652d2d6-8148-4877-b2bf-351fc4c4f3d9,6f3c57a76a90e3b2de8e09edebf089022608917a
9c7cb4bf-050a-4a44-9562-b93707ca039f,cetus-0494edacaa1b46c518cfcf16937788e6d65444004fce961c81ca68b95a0220b6
ec9d47d7-4c51-4c82-b049-16b94d4722bd,72022439834759a66f80caa3f42f4ef35bd92a8f
0d2366c0-76c8-4787-9839-9c815f3a5375,49337d0c9bdc6e2fac224993c9169e1e0e2a7a58
8a88829f-8f55-4cd8-ae10-d25385b2fd01,cetus-7d6bad5ee2371cc6e2fbf9446dbd12038aa4287451a4a28784b507999d04cca8
6c0d4faf-03c6-4547-b6e2-d64306f97fe5,cetus-7d30fb803f7b0057cce1d4420f09a054a548b895b84d0c9af75743c46812b0ad
8c6c3412-a421-4c09-94ce-c6b716366fd6,cetus-f14f5adf38e5ab0267a350df312c7abafdc75c431c1bf0051b7e73a5638ec8e4
e9f0a23a-5616-4fc2-89c9-8445d0e8eba0,51c9c8837043011b77654175710a300a170f7309
e32806b4-b202-4938-adc8-c53f3b5e5a4e,04286b445a41462af3a7237eade1e6abd75e82b5
52db54c1-6da6-41ef-9376-714383a9b4a6,e3623299ca445975ec2109593cf7fbcad9c4f87b
42860da0-bd52-4805-afa4-ef4a1ac18d89,9315e9e43bc9edd6a488527f734312bd359d06f0
a2df5907-ca88-4c95-8a8d-b672da74a59c,8f4fffbc068b8170cf7f2fa6f311f8332e4a28ee
422d2160-593a-4f5c-a11f-ba5c578f87ef,cetus-6cbf3c03da4f2abd11cb61a7a9f3d9e0430dd6a4043c982a526fa3dfe8578fc8
1d3df71b-ff16-4a64-bd67-3a26a7c1bc9c,cetus-4a367c86aeedab671cb48a67344b212a81386a505021b26c88588dd42af12fa5
b29e42ee-d35a-45d1-bc39-b06cf15a1fbb,d9dd3d53c1f28f50d04ae92348110ae265629fbc
1162cd1f-9c0e-4316-ad6e-3b5a238d4a30,0db6bc63ea77221b8c38883cd8a2c91fe213a3a7
94b9daf9-9a73-46d4-a90a-31c07922b1b3,cetus-ceef7f192e9d155767cc6a3b9ac08869ef28c588bce1b0e5400e90cc1056b6ba
fe1dd39d-9726-41f6-9728-7278139ae5db,868ee0a0d4a596f77a87978101e7469f4edc1401
e7f2298f-9610-4896-9fab-5e063ac66681,1e28af2d7e58d86ca15c1adce043988d640ccec7
3c677f22-4713-4c3c-a6fb-bedd31818606,b971a8b7c5eaa7ae96cfd3c84d43cb77dc2a8352
62c01e75-0875-43fd-89e3-e400c39e2073,97909c47f2feb4d6f884c033f82526f6e82ca71c
e2e63dfb-8f2e-42cd-b189-f1aeffa6057e,35ba210a81baaf696b2c5bdca7ee1e09127a4a0f
78f6e84a-0ffd-4179-ae68-264eea8ea30f,cetus-ed2e7a2eee43468e31aac4d58d54296b7feb65b4b85fe717ffa72f140c052b35
c51c975c-f23a-42cd-a8bb-4e4f9e03e8d0,f793cb5090e6ddb6325e4c4868a898aba51f0243
5db8ecf6-f5da-4a7d-b0a2-e1fa6267b1b3,479bccad147c8695769c7577d4c86c718bdb7c62
ba0f6e20-02cc-46fd-9490-69641c593288,b86a840c845793a31a335c5348f38fc6b0a62496
3cd417a1-e97e-41f3-ae8a-00f79efab4c0,62e2b0097ec1c6d64405ba9aefbdc3305452ac9d
422d2160-593a-4f5c-a11f-ba5c578f87ef,cetus-2e8f1d9ea1f2a13832334f81f91b740a11c44c248a1e39d761236de74849095c
180f284d-ff92-4c12-9f49-ce9d5d5f46c2,f78655d37cdc16882ad9ba1b4132d802670e43cb
6c0d4faf-03c6-4547-b6e2-d64306f97fe5,cetus-c7c6ce052b923c032c163c82c2c64d6362db30826c7930d0f745664e4f7275ce
c51c975c-f23a-42cd-a8bb-4e4f9e03e8d0,3a996093792da365171e6d29a134ab05ab492829
d4897ff2-fbf2-45b3-8b5d-a3b87bd13bd0,cetus-601985917660e3317d1089e77969c5f4b548494b5ebe61c6a681a26bb07ebf9e
8a88829f-8f55-4cd8-ae10-d25385b2fd01,cetus-336a042582350605519404e42fe0dd776297e2a684517d2fe9910807bdf70c97
7579360f-82c1-49f0-af24-959b15fc9c67,cetus-8c7ba04166b11fd4732ddd3bb3236fb1776d4b103999511491930aca57b8e91c
63af5c9a-b499-4eab-8eff-03cf47ee368f,cetus-957a848479459d7fddb8ec8d2f08e8308e0ec087a70dcf0c01f52217656bb896
a8d2a0b3-91b0-41b6-a7d4-5bd234ec68e5,9485a3a7ab566ebf3504f5fdab61a080d9882b6d
96e91cf8-5afd-4d44-a3f8-7fca98c98a5f,0a44b44fffb418b198ea835a833916d9918ddcf8
10a2fbc6-1074-4e77-9e8e-0051796097a0,e3623299ca445975ec2109593cf7fbcad9c4f87b
ccbb1d4b-15cc-4290-b0cd-0b0e8dc6aec3,cetus-513fbff19cc8a1e7642dc883dcfc36cf2d9e06582c3ad70c1fa8df1d9114d6d2
c39f6760-e0d1-4369-bda0-d75cea330861,06ad680486ae2af373a97aafbe9b3beec14de975
17748fbd-f4de-425a-aa38-c1e2156e6c1b,cetus-c28357558ef3fbc1faf457a317187c548742cb6e03c7d8ab0cf4764e5ec566ee
fe1dd39d-9726-41f6-9728-7278139ae5db,87f4b5f13596677c2b82c14c43cf518ca324a5a3
2037b7e7-be28-42b7-9038-fc49a8df811c,33eb38db8737c0b0e8375fac66c6d622d33224f0
87cda2b4-d6f4-4f96-9d2e-9e794d79d855,cetus-e16f0e04b6ac490287dbab8214ed9b5e3d06fa6366fcf81ccd57febfdd69acaa
f5823f52-5133-4230-8e6b-011388f006fd,cetus-966203d0a85641fd4cd73917f1caf96589535750ddd7b3ec8dd4eeb801744b4f
fe2575df-e012-4a27-bb5e-35c007607781,01e8b6d4192b420cd4b1cf9699318a7a14f346d0
70209879-8c52-4ba5-8775-c7f0b304b8f6,a59db68bb20e98cab21617f92ed41defeebbe7f2
1e1e477b-c31f-4c80-90a1-05e47e8283c0,2581f1a5446a0cdba440b0a131f8d10cdd2973d8
33795d3e-dc3d-4544-bbc3-6cd4556bc940,cetus-29b72140e5b0c8cb42965beca579786331823fcbb99b1a3da3c7a584bd33814a
87cda2b4-d6f4-4f96-9d2e-9e794d79d855,cetus-832e88d6863e9f2847793c6ad9f5baea751a76c9b7a3ce6079a04a8ca6c257d9
2e837e02-e507-4708-8fd5-f3da7016478b,74681f44a17a0c8f7116b4a6c6fbfd1077bff452
8f752cd9-a44a-48ed-9921-4d6f9009c95f,b3716d75832c433d165671da58e394e7dac9f647
5d1699e1-1049-4458-b1ff-73f9c4104ff5,92bc36ce2040000ed797d0f825fb6cc1c6f27c27
e4d198a0-f56e-4ba8-b6de-500e74daba9b,8c8a32948babada7f2c1a2b29524739f8e1f8632
2a3bb8d2-e248-49d6-b7bf-18a9526e493a,e3623299ca445975ec2109593cf7fbcad9c4f87b
65803617-3c7b-4507-a0e1-c6164b7c7df1,05de7991509447bec6750ba597c1678e75bec8b2
00f804de-e244-43d6-b0e0-1257f91751ff,92fff3d194d289811eb241ea119d8dec4cc19822
9c982b82-3b72-4992-ba9f-1ac9ff91d6d3,6e01ef8797f3e880e2a37b0f69bf16ff8e327949
34adf4d6-c747-43e4-ad2a-915c6299a6ba,cetus-82dabb4282f861e227bfc21094aa7880581ab9b234a7ad64aed2b1ef70dc4dfc
8fd331c0-157a-43b8-88ee-b1fc1048d47e,0ffb0b731ce3547c1ee5aac305887717cb42c8d8
fe1dd39d-9726-41f6-9728-7278139ae5db,62e2b0097ec1c6d64405ba9aefbdc3305452ac9d
87cda2b4-d6f4-4f96-9d2e-9e794d79d855,cetus-0b4bdfdbfcc929fccd7dbc8e060068e3d1bd863127221ea8abb13955fb76b599
87cda2b4-d6f4-4f96-9d2e-9e794d79d855,cetus-55695e4735933123fc28ca22a9a726ca56fef01e74810b324531ea7e86bd20e3
34adf4d6-c747-43e4-ad2a-915c6299a6ba,e5047231937e0504a74dfc9bbf630a300452686b
41542133-486d-4126-b74a-ea53982c8744,cetus-a3599411b61c589c49c0475b6771d1da75fac18843022eda97bfa034f115c62f
bb9ba535-5fe3-49fb-a6db-cd104a54213a,cetus-f1e1ad49151ee2504abb5340de617e29a10418f074db51e81207e0c7ceb89c5b
79ebbcae-d3bc-4fd8-b4ab-4dffef61445b,27ab7f50ce68f811549ea86a6f6372b96c820273
9e7123a7-a16a-4418-aeef-cdd0d8ef4167,5238bd83254855dc0ca7bdcaf530ff969a51ac28
affa9446-0ea5-435b-bacf-a746cd5b1cf6,cetus-4bfc4158581555e433bbfa93430327cde853972bd4c00a5a006fcb374f169b3b
f71be93b-f51f-4986-9417-102a1086e497,a319403a18b45aeaa84adae9e42af62e9a9dbc64
613db61b-189d-4886-8003-99d82cb03fe0,cetus-eb0d3dbe3f2431e17addb1fbee9017c7918c0422fc7dbbe1bb4651a941cc95c5
4dd6b172-14df-43b7-82ff-9a1d636f3b78,c59aa5bda470367dc770c639ba9d19d092d5ffa9
8a88829f-8f55-4cd8-ae10-d25385b2fd01,cetus-5760a825166d77e29819e39a80366a40ad01e5b5944aedeb59353d7798590a42
840c99a0-218f-43a6-ad8a-8631d167447e,f1de8ed451a3a178ae422ce813330e40a534298b
c912b12e-ae4a-4772-aa6e-b995c4bec7e0,5c0a4fc7c32f26dec6ff80e80471b4a93152d252
8292444b-54d9-407f-808e-7db12525e3d0,3de35d294e1da1788b16441c87c28d7ed37f641f
3e1b502b-c944-4a36-93b8-22ff58e420f2,dee15fb61245e05b5302e222d6256c83df106e91
8a88829f-8f55-4cd8-ae10-d25385b2fd01,cetus-caa6f35629b139bfd28b8cfb7195489ecd6e675dbb48844de316105ae42eb110
5ca775e7-b9a1-45e0-be6c-06871f540d63,cetus-134473d1a80d8f4b40117f48a6adf4fc686bd3b0b4999b2993b9f779dcde8002
7d1c16de-1d0b-430a-87d9-a363cbd56ec1,cetus-57e0d3a25ed836deaac33c0f8765d9eb091c48c67c1b0eb4365cc84d95cf9a94
bad2d21b-fd6f-4755-aec0-53af5161df2d,00ef9fd4ded207ef83c1aea94b0c53b1ac61e2b0
96e91cf8-5afd-4d44-a3f8-7fca98c98a5f,e5b0a83adc3c8207597c03a9f932e615c3c0347a
3813e08d-c5e9-43f0-be79-721050e758de,cetus-f754c2ea600318d37ffe80cd04b45f4c1e417a5eebafc9f54d4a58502e82ac25
4ac6642e-2cac-403b-bafb-ac27b51eff77,f64d314603c7eab900cf7e9b6f47c806c8b44cd1
87c1a98d-d69c-4dd7-81a5-2dc6d96b6e2d,e3623299ca445975ec2109593cf7fbcad9c4f87b
cda53ee0-cb3e-4663-8a83-824c3fee6fc1,89a4f0955b44345155a7ab816dab241a574f429b
5db8ecf6-f5da-4a7d-b0a2-e1fa6267b1b3,693765f8f2af57dfa2a8b2db5c6bfab5bc15963f
fc603fb0-7801-4d95-8117-23b1cf940cdf,cetus-2bcfb31f8e07803c6b028d08b320874a8806e0be05919e3aa69d415b0fa7d2fa
20af4d07-8c56-4826-92b8-b455c428d760,97427ac71e3ca86c2f741c069b6d219532772935
0254b5de-6915-4995-9a01-a634c210c410,35612b122b4b270d4896dc7c5df5047513e4d472
93904fdd-a02f-4ed0-abf0-7c34fa1bfadd,e3b50b3a33e9fdc2953381ace47d64ab5c496249
a799ad83-2a4a-4fad-9eb5-3db546db7a07,e3623299ca445975ec2109593cf7fbcad9c4f87b
00f804de-e244-43d6-b0e0-1257f91751ff,8910bcb6ff3371e1262eac57a85ed790fb8794e5
e8ea1a8f-9901-4566-8d1c-8bba4e38f9a1,cetus-f88f2c71789fc73897f09cc712695215df8ec5dffde07d41a7163fd962b2453f
b0965b33-2e91-4451-af94-599e0da86fad,702a438dbaf1f16dab2d269bc8dac9ca5704f650
f5c98f84-ce08-480f-9020-919f90b29a51,7e872f4e541509512ecc3bf7fe3d2c06a950d3b1
d84e572d-a0b2-497b-9ae2-17eeba86917b,937003b49d3fc6fa19a8cd8c7467142b94fe8c14
b2fd8fbd-db05-49eb-953c-8cf3695e7f40,cetus-d1798613b152b392c516bdcfdbe31f876269a26457d68f8515173f0ccc96a1ae
18d1355e-4ebc-4c47-9878-f9180c751252,cetus-96b471646c5adfb479d5d2cfe4cfa65b1ea4e3fd078c9cba166893b0f9998ba4
87cda2b4-d6f4-4f96-9d2e-9e794d79d855,cetus-f23f4ef584e7ada6db811a343b1c08594ecdb520d860ee386f511596ab46f802
2db675f6-59b4-4089-8dc4-5466f58c6594,cetus-42341b206a4ad917afab5a9544a6a53e319b05fca4366f5ecdffc6ed50208929
34adf4d6-c747-43e4-ad2a-915c6299a6ba,98bb0aaffa33c73d46c26bae0fb2da91627d3b31
c020bd8b-59a2-4967-b8d8-1b84a9dbc5f7,94e57ddbd0e524347019dc9c8027812d68faa82c
cf1d66ef-3580-4c75-9a83-f9847d772c36,9a76c6b378cfa8c768dd0b47971bc4da6abd9745
ed3e8e5e-47ea-4bd9-b021-0e527ef68a44,702a438dbaf1f16dab2d269bc8dac9ca5704f650
e55a880d-00d2-4b61-b80d-f9808ec0bb8f,e8cd009beb98f5c7d7c15b1b639212a15af9f009
ee760de8-eea7-473e-bc6c-89877b8522ce,f2bab22f6956c6952cd3f7f64fda37a867661907
5dccf566-01e1-4fd1-85e6-3670d498fece,51c9c8837043011b77654175710a300a170f7309
fc603fb0-7801-4d95-8117-23b1cf940cdf,cetus-8aaa8f095fed81e2ec95f57a5c792222f389065cdaf905ff31323852cb879185
cd7c14c5-b9c0-4e9f-9761-de18eb9dd79c,389b6e44aa05eb9e1f56cd23723750fd874d2d83
66df99a5-5c15-41b8-bba6-f9f727ffa9e1,cetus-639297cb44e81960bed2df627e0009b7368a3d2de2d0ef7d40d3a4146cc398aa
81695366-5302-4f56-aa99-a9f0a5269615,cetus-422500b2b3dab674a130cecfeba783b43cba0025b639b5547fa4042730c80e5a
87cda2b4-d6f4-4f96-9d2e-9e794d79d855,cetus-48f3d9bf4d912dbc65e2e2ec8b5941224f9b28ee3c382884fcdf654320b86878
ba511218-e817-42fa-b687-ef7ddac43feb,cetus-e2d95c8ce5f3f2ce4bb50d1228f15deb26db8766b85e1d29a2f9d14123851e07
859f321d-1735-4fec-9dd8-d080d2058f9b,d9dd3d53c1f28f50d04ae92348110ae265629fbc
f301e6cb-e938-46e9-bb01-24d12b3dfe54,cetus-998eb0406ef2b3c2f9867e629962c34f27f0cff53287c33c685b2a1ad1bc8664
51040f8f-7cbb-42ba-b3f6-d964161e1321,a1cfdab6d185baae51cec5af2cb12e64a1789e67
37cdf038-0014-4fd1-a48a-2cde096ce915,cetus-99c68aa1a732eb89b7659419dd9ad60d1aaa54c6d910a8b79dabe73d7cd8ddde
ed3e8e5e-47ea-4bd9-b021-0e527ef68a44,92ac6290e7fd4e265d91957b4a6d8a75f9edf00b
34adf4d6-c747-43e4-ad2a-915c6299a6ba,70b322f2a6e509d76ef92e9690923791a4ed45b0
3cd417a1-e97e-41f3-ae8a-00f79efab4c0,8d0ced72c1719fc4519d73292d2c25b508d6986b
3cd417a1-e97e-41f3-ae8a-00f79efab4c0,0e8f6a241288d294f4a2c48e534b72cb792170b0
0a0d6f45-89bd-4a13-8d39-7a995acc2d76,2c1d41052cfd0b104cf6237bdf7ec174b7b6a18f
03289b10-d6dc-481b-a7da-98e74af75fcf,cetus-da29d25688786dd02e8eb01caa018ad50e301c6d215144b8be2828e6a49c0037
8c918295-b39b-4109-a1dd-098b048cd161,8c720a3fdce3017e4ae79775091971bfbbc19f73
bcbc6d7e-4a71-4bef-8a58-6ae76c158c1b,22b9c9305907cd5c5f1f6ddf22537f565fe81962
122705e0-c095-4e0f-bae7-b7705d76ba9a,6b6200eb3831d4aaa335fd08f76d05c6556cc42b
d0439e21-e5b9-4077-b65b-23498f2bf2c8,e5047231937e0504a74dfc9bbf630a300452686b
4ee137aa-a33f-4363-b5a4-5928e112ce58,24d24151976effac5dcdedc94ad0864e76e0f8b2
4b47af2e-c01f-4c2a-a4a4-89a7d44c9d94,c055eb194b918936d599086ead8d55ebfee37386
027ac9cb-1894-4d7d-82df-67a5252ce6d2,54ce569fbe469f75d42f014075680ccd34b39732
fc603fb0-7801-4d95-8117-23b1cf940cdf,cetus-4345373c96d0e56a8e841805d9193a7999dd4382f77c9b8939ad5091db70f243
03289b10-d6dc-481b-a7da-98e74af75fcf,cetus-374aa6c9302bbb912de2c4a96a4966ccbc46bd19220daafbc57eabcde296c4d7
8292444b-54d9-407f-808e-7db12525e3d0,7e8d419a2192cbf921f414bade16394652bf6571
70220906-d4ca-4937-a3bb-421e3f5a24ba,9e7698f27c6b61dfd54665fc68acef951a783988
56b14774-9a73-4c03-84bd-b27b44c6de2a,c59aa5bda470367dc770c639ba9d19d092d5ffa9
7e6ad5e3-50a7-431b-8404-b78c9836c8e3,57e14e2af3b3189720b0795fb54fc972db05b097
807232bd-d3f4-4947-95a8-ff4a8d727fdf,4dd30b54d1b00ad397103fc86e45a11f6bf75425
3226ba8b-8d39-49db-a84b-f280e15592c8,e3623299ca445975ec2109593cf7fbcad9c4f87b
422d2160-593a-4f5c-a11f-ba5c578f87ef,cetus-7b1964f301ac104746ac842b035e47d45d13038a566f95b916342e03467f9692
03289b10-d6dc-481b-a7da-98e74af75fcf,cetus-5aa221ae0dba7de5342aaac9472e95c2611497143cf26bd3fe48b8f10610ce38
87243eb9-fa81-475d-a0ab-aa05e082225a,2d66449001ee9a81b94952f20ad4b16d2162d252
9dd0efe7-af1c-43d9-8efd-2ec06f52aef2,cetus-c879deb9c88dde4d9f6feaa19031c2248795f36102c2d5ebf4e68f53a88fdcb1
e2972504-7f7d-4b0c-b2e7-cdab7077d02b,61b4374eece6941d30dc5fc9c4a84e5db68208d6
ee760de8-eea7-473e-bc6c-89877b8522ce,38815a224ad49d8cf0e6c73f1a5815f4ea535442
b9e61f0a-2f07-433b-b97f-37c338e8ed9f,ffa62041fe43fd50925cfc27d375c8c214e54a69
